-0.0001209,-0.0000705,0.0000769,0
-0.0000257,0.0000797,0.0000198,119966999
0.0001862,0.0000174,-0.0004009,119978693
0.0004280,0.0000115,-0.0001906,119973041
-0.0002426,0.0002732,-0.0000784,119974727
0.0001451,-0.0000383,0.0000638,119972350
0.0002968,-0.0003168,-0.0000205,119973957
0.0002235,0.0003948,-0.0000440,119973497
-0.0002411,-0.0001981,0.0001041,119975087
0.0003041,0.0003963,0.0001898,119972292
-0.0002816,0.0000373,-0.0002367,120014777
0.0004535,-0.0003532,-0.0001849,119943340
0.0000696,-0.0005198,-0.0000235,119963814
-0.0004896,0.0002343,-0.0000923,119973851
0.0000638,0.0005876,-0.0000249,119973992
-0.0000879,0.0000218,0.0000733,119974189
-0.0002551,0.0000093,0.0001766,119974717
-0.0000953,-0.0002303,0.0000139,119973988
-0.0000125,-0.0000735,0.0000462,119974386
-0.0000520,0.0005949,0.0003357,119974679
-0.0000139,0.0000643,-0.0001561,119974549
0.0001371,-0.0001072,-0.0002090,119974633
0.0002455,-0.0004524,0.0000887,119975488
-0.0004456,0.0003194,-0.0000770,119973870
0.0003335,0.0002248,0.0001107,119974775
0.0000396,0.0001413,0.0003503,119975728
-0.0000784,-0.0002244,-0.0000879,119974398
0.0000872,-0.0009536,-0.0002257,119975430
-0.0004749,-0.0003307,-0.0000923,119974847
-0.0003314,0.0008919,0.0003592,119989450
0.0003645,0.0001854,-0.0003719,119969722
0.0006577,-0.0003221,-0.0002104,119966948
-0.0001554,0.0004828,0.0001004,119975004
-0.0006614,0.0007961,0.0002625,119975658
0.0004544,-0.0001460,0.0001070,119975529
0.0004562,-0.0003905,0.0002226,119983281
-0.0002052,-0.0002757,0.0000843,119968950
-0.0000967,0.0001566,0.0002396,119975394
-0.0006545,0.0007811,0.0001532,119975601
0.0002442,0.0001091,0.0001217,119973320
0.0005817,0.0000534,-0.0001621,119986953
0.0001767,-0.0000728,0.0001232,119966320
-0.0000572,0.0002146,-0.0000374,119976504
-0.0001913,0.0004608,-0.0003269,119977533
0.0001261,0.0001471,0.0001195,119975798
0.0002770,0.0002094,0.0000271,119976318
0.0002800,-0.0003021,0.0000550,119976234
-0.0001849,0.0002410,-0.0000848,119998377
-0.0002675,0.0003641,0.0003951,119954954
0.0002618,-0.0000676,0.0000660,119973216
0.0002190,-0.0003868,-0.0000103,119983108
0.0001921,-0.0003316,0.0003945,119971471
-0.0010209,0.0001867,-0.0004742,119978436
0.0003423,0.0004549,-0.0002829,119976926
0.0002580,-0.0001035,-0.0001055,119976915
-0.0006515,-0.0002288,-0.0001649,119976968
-0.0002455,-0.0004861,0.0000051,119977457
-0.0004436,0.0002418,-0.0000638,119973495
0.0002486,0.0003776,-0.0000917,119984132
0.0005917,-0.0000185,-0.0002412,119969845
0.0001493,-0.0004599,0.0001120,119998038
-0.0001253,0.0003934,0.0003467,119959845
-0.0003774,0.0007371,0.0001048,119977608
0.0000997,0.0000760,0.0000000,119977632
-0.0000667,0.0000343,-0.0001532,119977532
0.0001714,-0.0003423,0.0000161,119971709
0.0002783,0.0000789,-0.0001186,119983406
0.0002082,0.0004977,-0.0000103,119973230
0.0000029,0.0000636,-0.0000689,119982246
0.0004465,0.0001010,-0.0000755,119973690
0.0001114,-0.0001262,0.0004104,119982050
-0.0000110,-0.0001936,0.0001187,119978480
0.0001026,0.0006514,0.0000403,119977479
-0.0004625,0.0000541,-0.0002485,119978106
-0.0001164,-0.0001240,0.0002358,119980487
0.0000769,0.0001529,-0.0000183,119969736
-0.0003796,0.0003318,-0.0001151,119984172
-0.0003033,0.0008063,0.0003135,119972355
0.0000279,-0.0003507,0.0001173,119979120
0.0004803,-0.0004145,-0.0004070,119979013
0.0005593,-0.0007413,-0.0001305,119984163
-0.0001495,-0.0000742,0.0001788,119978597
-0.0006349,0.0004202,-0.0001179,119982223
-0.0007139,-0.0000903,0.0000938,119974348
-0.0004053,-0.0001724,-0.0000814,119978965
0.0000447,-0.0001885,0.0000396,119973010
-0.0006750,0.0000159,-0.0003599,119983622
-0.0001400,0.0005027,0.0001921,119981934
0.0005377,-0.0003005,-0.0001626,119970024
0.0005233,-0.0009449,-0.0002279,119984998
0.0001488,-0.0007045,0.0001612,119978979
-0.0007073,0.0001435,-0.0006486,119979122
0.0000220,0.0000812,0.0000682,119979101
-0.0001766,-0.0002867,0.0002653,119979677
-0.0000601,-0.0003139,0.0000447,119978580
0.0001568,-0.0004024,0.0001121,119974761
-0.0000359,0.0000438,-0.0000337,119984230
-0.0004344,0.0002511,0.0001069,119973394
0.0001070,0.0000233,-0.0003260,119979204
0.0006376,-0.0002420,0.0001466,119985359
-0.0003569,0.0003260,-0.0001290,119979655
0.0000403,0.0006279,0.0004456,119979600
-0.0000506,0.0001640,0.0003840,119979508
0.0001443,-0.0000690,-0.0000498,119977632
0.0000249,-0.0002953,-0.0004870,119986310
0.0001216,0.0002811,-0.0001033,119971655
-0.0002008,-0.0000398,0.0002624,119983377
0.0000154,0.0001346,-0.0001201,119974905
0.0001187,-0.0000903,-0.0000198,119984968
0.0003870,-0.0003373,0.0001715,119979682
0.0000352,0.0001713,-0.0002558,119980482
-0.0003518,0.0003780,-0.0001275,119979765
0.0003811,-0.0000515,0.0001129,119980186
0.0003304,-0.0001811,-0.0000498,119977876
-0.0004105,-0.0002069,0.0000029,119982997
-0.0001458,-0.0002178,0.0004300,119976282
-0.0004468,0.0003610,0.0000513,119980030
0.0000681,0.0003346,0.0001304,119979405
0.0000110,0.0001054,-0.0003408,119985054
0.0002221,-0.0004898,-0.0000440,119980320
-0.0003291,0.0001896,0.0000858,119980694
-0.0007696,0.0001677,0.0005270,119980470
0.0005409,0.0010259,0.0006853,119980344
0.0010571,0.0014679,-0.0005135,119979070
0.0032467,0.0003707,-0.0027923,119982877
0.0013215,0.0063167,-0.0042826,119977137
0.0067315,0.0000635,-0.0000908,119980195
-0.0011426,0.0025453,0.0016454,119984402
-0.0054852,0.0006770,0.0015772,119980891
-0.0038723,0.0004121,0.0011260,119989394
0.0013991,-0.0005814,0.0006508,119972164
0.0003287,0.0004779,0.0002328,119981064
-0.0007044,-0.0005169,0.0005277,119981649
-0.0000176,-0.0009136,0.0008101,119980445
0.0004061,-0.0008240,-0.0004412,119981478
-0.0000513,-0.0006719,-0.0004498,119978619
-0.0010634,0.0000650,-0.0004353,119983724
-0.0012694,0.0001830,-0.0000388,119981190
-0.0020625,0.0001068,0.0002118,119981374
-0.0007505,-0.0001006,-0.0003833,119980760
0.0001524,-0.0005110,0.0000872,119981203
-0.0003606,0.0006338,0.0001876,119981547
0.0002184,-0.0000977,0.0008172,119981563
0.0003195,-0.0006267,0.0006544,119980834
0.0005592,-0.0006891,-0.0004258,119982744
0.0009734,0.0010136,-0.0012219,119981329
-0.0003914,0.0001317,-0.0005196,119981043
-0.0020030,-0.0005997,0.0000330,119982062
-0.0016468,-0.0005733,0.0000967,119982025
-0.0004016,-0.0008863,0.0001554,119980976
0.0000938,0.0002087,0.0001370,119982174
0.0006010,0.0003362,0.0001510,119982274
0.0004427,-0.0002750,0.0010481,119981186
-0.0000352,-0.0000588,0.0005292,119982064
-0.0004288,0.0003927,-0.0003042,119981474
-0.0001708,0.0003421,-0.0000572,119982282
-0.0008385,0.0002783,-0.0007989,119982056
-0.0009521,-0.0005606,-0.0006668,119985613
-0.0001568,-0.0012219,-0.0003247,119978585
0.0001224,-0.0003021,-0.0003313,119981519
0.0003049,0.0001911,-0.0007241,119982113
0.0001349,-0.0009112,0.0002382,119982742
-0.0006288,-0.0006041,0.0003613,119982195
-0.0004119,-0.0008863,-0.0005167,119982170
-0.0001004,0.0007321,-0.0005087,119983000
-0.0003987,0.0007929,0.0002023,119982305
-0.0011295,0.0005298,-0.0002096,119981945
-0.0004009,-0.0005418,-0.0001862,119982305
0.0000410,-0.0003703,-0.0000843,119982793
0.0011082,0.0009512,0.0006076,119982171
0.0016491,0.0005656,0.0004192,119982659
0.0017341,-0.0001065,0.0007234,119982411
0.0007935,0.0005266,0.0003971,119984077
0.0001752,0.0006969,-0.0005732,119981663
0.0007659,0.0003260,-0.0004170,119982576
-0.0013875,-0.0002516,-0.0003152,119983255
-0.0016896,-0.0000024,-0.0003102,119982925
-0.0005988,-0.0009640,-0.0007681,119981874
-0.0006450,0.0010955,-0.0004940,119982794
-0.0020553,-0.0001388,-0.0016086,119986818
-0.0025574,-0.0003766,-0.0011908,119984910
-0.0033788,0.0011776,-0.0011786,119977273
-0.0039256,0.0004029,-0.0014212,119983884
-0.0044789,0.0023774,-0.0025198,119982257
-0.0027331,0.0001245,-0.0024691,119982343
-0.0021913,0.0008228,-0.0025790,119983889
-0.0013030,-0.0001996,-0.0010933,119982790
-0.0017334,-0.0000376,-0.0003761,119984274
-0.0007483,-0.0003637,-0.0001165,119982806
-0.0000557,-0.0008526,0.0000623,119982865
-0.0001143,-0.0007177,0.0000535,119983336
0.0006069,-0.0002912,0.0004361,119983327
0.0007356,0.0005917,0.0001533,119981612
0.0009667,-0.0003102,0.0003994,119985160
0.0014380,0.0004794,0.0010200,119981682
0.0024576,0.0015771,0.0015670,119985227
0.0015311,0.0015199,0.0018090,119982965
0.0017291,0.0012442,0.0041381,119984718
0.0021256,0.0014811,0.0042086,119983270
0.0036382,0.0005920,0.0025579,119983189
0.0032866,0.0003150,0.0010269,119983558
0.0024071,-0.0010271,0.0022759,119984150
0.0005676,-0.0005216,0.0021046,119980059
0.0001972,0.0001230,0.0017664,119986887
0.0001951,-0.0000992,0.0009372,119982022
0.0005197,0.0005839,0.0021030,119995371
-0.0007472,-0.0015445,0.0008220,119973193
-0.0008391,-0.0013586,0.0002465,119994560
0.0000667,-0.0011670,0.0002441,119974441
0.0000594,-0.0002839,-0.0007667,119985068
-0.0005710,0.0008229,-0.0010466,119983286
-0.0002529,-0.0010197,-0.0002697,119983316
-0.0012832,-0.0016580,-0.0012296,119980718
-0.0008502,-0.0001453,-0.0009337,119988038
0.0003671,0.0004424,-0.0005467,119984421
0.0015377,0.0021242,0.0010508,119980931
0.0016368,0.0008002,0.0004794,119986810
0.0026637,0.0007130,0.0013729,119984362
0.0014879,0.0012605,0.0016726,119983838
0.0012115,-0.0002890,0.0009286,119984103
0.0017172,0.0002928,0.0009516,119978468
0.0013787,0.0002637,0.0010012,119990003
0.0006211,0.0000746,0.0010325,119979899
0.0012351,0.0003707,0.0016008,119989266
0.0009328,0.0014834,0.0016244,119981062
-0.0003100,-0.0008416,0.0007000,119987548
-0.0000491,0.0002576,0.0004160,119988723
0.0007242,0.0002527,-0.0004266,119980611
0.0011324,0.0010721,-0.0004310,119984093
0.0012181,0.0007745,0.0007117,119984404
-0.0002916,-0.0003394,0.0012088,119978339
-0.0000352,-0.0000185,0.0010584,119991121
0.0004400,-0.0000046,0.0004576,119979546
-0.0000381,0.0001977,0.0001869,119992005
-0.0003899,-0.0000324,-0.0007777,119983168
0.0013091,0.0009410,-0.0004713,119984793
0.0008378,0.0005547,0.0004537,119984119
-0.0003533,-0.0005118,0.0004405,119985540
-0.0002652,-0.0002866,0.0008828,119980300
-0.0004841,-0.0004579,0.0010158,119990325
-0.0003861,-0.0003101,0.0006681,119977432
0.0000847,0.0000389,0.0003594,120054939
0.0003905,-0.0001079,0.0002513,119914708
-0.0001964,-0.0003388,0.0000938,119991654
-0.0006897,-0.0002743,0.0003357,119984238
-0.0007322,0.0019077,0.0009037,119985031
-0.0005321,0.0002234,-0.0013083,119984916
-0.0007197,0.0001831,-0.0029633,119985329
-0.0008117,0.0004702,-0.0031422,119980874
-0.0015420,0.0000475,-0.0034102,119989761
-0.0016213,0.0018548,-0.0034265,119979665
-0.0006572,-0.0009893,-0.0040464,119985251
-0.0012137,-0.0010563,-0.0034660,119990488
-0.0016433,-0.0002494,-0.0020113,119985228
-0.0013358,-0.0003524,-0.0014610,119993660
0.0002521,0.0022961,-0.0008363,119976830
0.0004527,0.0005463,-0.0010117,119983410
0.0002983,-0.0016427,0.0013648,119987289
-0.0007568,-0.0007892,0.0007465,119981943
0.0001760,0.0012394,-0.0004375,120029842
0.0010124,0.0006189,-0.0005143,119940067
-0.0004559,-0.0006716,-0.0000315,119990050
-0.0024040,-0.0014514,0.0011272,119985188
-0.0016762,-0.0002941,0.0010701,119985585
0.0004617,0.0010669,0.0013727,119985640
0.0014322,0.0000467,0.0004610,119985578
0.0009575,-0.0013298,0.0013927,119983774
0.0005548,-0.0006371,0.0011528,119988594
-0.0003428,0.0002218,-0.0009509,119982164
0.0001509,0.0007023,-0.0007201,119985013
0.0001283,-0.0002289,-0.0005548,119988978
-0.0008927,-0.0009897,-0.0005893,119985747
-0.0000337,-0.0017189,-0.0008480,119985863
0.0016514,-0.0002017,-0.0006729,119985957
0.0013662,0.0001684,0.0011390,119985788
-0.0012749,-0.0004674,0.0029085,119995291
-0.0014696,-0.0011020,0.0013890,119975266
0.0013772,0.0005810,-0.0004698,119987396
0.0027919,0.0011756,-0.0004205,119983198
-0.0003313,0.0001413,-0.0008949,119988326
-0.0015504,-0.0009825,-0.0003306,119987199
0.0002412,0.0000914,-0.0001231,119985421
0.0005955,-0.0010160,0.0001201,119988792
0.0007960,-0.0000464,0.0009235,119983118
-0.0001004,0.0006953,0.0014298,119985789
0.0001371,0.0004734,0.0011311,119987546
0.0003093,0.0006478,0.0003254,119985102
0.0000967,0.0008965,-0.0002176,119984631
-0.0005475,0.0004799,-0.0006663,119987467
-0.0013224,-0.0007706,-0.0002368,119986709
-0.0007029,-0.0000200,0.0002001,119985830
-0.0006780,-0.0005763,0.0004918,119986038
-0.0006362,-0.0002516,0.0020266,119986413
-0.0000242,-0.0003505,0.0016220,119986479
-0.0003144,-0.0006943,0.0015187,119986547
-0.0008406,-0.0002054,0.0005445,119986378
-0.0008802,0.0002307,0.0003452,119986023
-0.0005658,-0.0002706,-0.0000916,119986459
-0.0002917,-0.0005455,0.0001217,119986445
0.0014833,0.0002959,-0.0000579,119988442
0.0008275,0.0002131,-0.0000198,119984830
-0.0001349,-0.0001468,-0.0000410,119986711
-0.0004566,0.0004198,0.0007373,119986328
-0.0009220,0.0000130,0.0009829,119986882
0.0011404,-0.0001372,0.0005321,119986686
0.0003672,0.0001875,-0.0005871,119986486
0.0002836,0.0006294,0.0003379,119986753
-0.0001363,0.0006689,-0.0003078,119986710
0.0002081,-0.0000742,-0.0008091,119986779
0.0006736,-0.0000610,-0.0001525,119986888
-0.0005556,-0.0005697,-0.0002236,119986324
0.0007747,0.0000724,0.0002074,119987973
-0.0003598,0.0004791,0.0001825,119987271
-0.0002616,0.0001068,0.0003107,119986583
-0.0003658,0.0007526,0.0001297,119986149
-0.0007263,0.0006462,-0.0001928,119987085
0.0004969,0.0003238,-0.0003621,119986662
0.0007681,0.0000856,-0.0011918,119986824
0.0010283,0.0002981,-0.0007381,119986768
0.0007818,0.0004006,-0.0001634,119987472
0.0010782,0.0007218,-0.0000418,119986667
0.0004742,0.0001559,0.0003488,119988334
-0.0000755,0.0006493,0.0009288,119986590
0.0006172,0.0011242,0.0002309,119986899
-0.0011309,-0.0002032,-0.0001019,119986723
-0.0008349,0.0008193,0.0002294,119987559
-0.0005035,0.0001259,-0.0004515,119987225
-0.0010738,-0.0003183,-0.0001305,119987742
-0.0005007,-0.0007677,0.0004281,119987488
0.0008125,-0.0006858,0.0008616,119986061
0.0007315,-0.0001871,0.0009507,119987873
-0.0000601,-0.0001321,0.0009469,119987612
-0.0003144,0.0001633,0.0012658,119986603
-0.0004501,0.0001068,0.0001503,119987815
0.0000638,0.0000592,0.0000806,119987138
0.0001547,-0.0005367,-0.0001473,119987516
-0.0002815,-0.0014039,-0.0007535,119988101
