//,x,radian,,y,radian,,z,radian,,velocity(m/s),,acceleration(m/(s^2)),,time,diff(nano,seconds)
-0.00257,0.00797,0.00198,0.0015577,0.0129844,119966999,,,,,,,,,,,
0.01862,0.00174,-0.04009,0.0039599,0.033005,119978693,,,,,,,,,,,
0.0428,0.00115,-0.01906,0.0026721,0.0222722,119973041,,,,,,,,,,,
-0.02426,0.02732,-0.00784,0.0060724,0.0506136,119974727,,,,,,,,,,,
0.01451,-0.00383,0.00638,0.0043115,0.0359376,119972350,,,,,,,,,,,
0.02968,-0.03168,-0.00205,0.0027354,0.0227996,119973957,,,,,,,,,,,
0.02235,0.03948,-0.0044,0.0059661,0.0497288,119973497,,,,,,,,,,,
-0.02411,-0.01981,0.01041,0.0063988,0.0533343,119975087,,,,,,,,,,,
0.03041,0.03963,0.01898,0.006761,0.0563543,119972292,,,,,,,,,,,
-0.02816,0.00373,-0.02367,0.0067374,0.0561382,120014777,,,,,,,,,,,
0.04535,-0.03532,-0.01849,0.0069528,0.0579678,119943340,,,,,,,,,,,
0.00696,-0.05198,-0.00235,0.0037392,0.0311698,119963814,,,,,,,,,,,
-0.04896,0.02343,-0.00923,0.0078468,0.0654041,119973851,,,,,,,,,,,
0.00638,0.05876,-0.00249,0.0055006,0.0458482,119973992,,,,,,,,,,,
-0.00879,0.00218,0.00733,0.0049507,0.0412644,119974189,,,,,,,,,,,
-0.02551,0.00093,0.01766,0.001641,0.0136776,119974717,,,,,,,,,,,
-0.00953,-0.02303,0.00139,0.0027574,0.0229829,119973988,,,,,,,,,,,
-0.00125,-0.00735,0.00462,0.0015025,0.0125238,119974386,,,,,,,,,,,
-0.0052,0.05949,0.03357,0.0060801,0.0506785,119974679,,,,,,,,,,,
-0.00139,0.00643,-0.01561,0.0060384,0.0503304,119974549,,,,,,,,,,,
0.01371,-0.01072,-0.0209,0.0019554,0.0162986,119974633,,,,,,,,,,,
0.02455,-0.04524,0.00887,0.003905,0.0325482,119975488,,,,,,,,,,,
-0.04456,0.03194,-0.0077,0.0087448,0.0728892,119973870,,,,,,,,,,,
0.03335,0.02248,0.01107,0.0067256,0.0560585,119974775,,,,,,,,,,,
0.00396,0.01413,0.03503,0.0032366,0.0269767,119975728,,,,,,,,,,,
-0.00784,-0.02244,-0.00879,0.0048582,0.0404932,119974398,,,,,,,,,,,
0.00872,-0.09536,-0.02257,0.0063372,0.0528205,119975430,,,,,,,,,,,
-0.04749,-0.03307,-0.00923,0.0070811,0.0590214,119974847,,,,,,,,,,,
-0.03314,0.08919,0.03592,0.0109273,0.0910688,119989450,,,,,,,,,,,
0.03645,0.01854,-0.03719,0.0102694,0.0856,119969722,,,,,,,,,,,
0.06577,-0.03221,-0.02104,0.0050673,0.0422388,119966948,,,,,,,,,,,
-0.01554,0.04828,0.01004,0.0098818,0.0823657,119975004,,,,,,,,,,,
-0.06614,0.07961,0.02625,0.0051414,0.0428539,119975658,,,,,,,,,,,
0.04544,-0.0146,0.0107,0.0122408,0.1020274,119975529,,,,,,,,,,,
0.04562,-0.03905,0.02226,0.002254,0.0187857,119983281,,,,,,,,,,,
-0.02052,-0.02757,0.00843,0.0057133,0.047623,119968950,,,,,,,,,,,
-0.00967,0.01566,0.02396,0.0039349,0.0327974,119975394,,,,,,,,,,,
-0.06545,0.07811,0.01532,0.0070159,0.0584776,119975601,,,,,,,,,,,
0.02442,0.01091,0.01217,0.009357,0.0779922,119973320,,,,,,,,,,,
0.05817,0.00534,-0.01621,0.0037047,0.030876,119986953,,,,,,,,,,,
0.01767,-0.00728,0.01232,0.0042612,0.0355199,119966320,,,,,,,,,,,
-0.00572,0.02146,-0.00374,0.0033662,0.0280571,119976504,,,,,,,,,,,
-0.01913,0.04608,-0.03269,0.0033589,0.0279963,119977533,,,,,,,,,,,
0.01261,0.01471,0.01195,0.0052607,0.0438482,119975798,,,,,,,,,,,
0.0277,0.02094,0.00271,0.0015637,0.0130337,119976318,,,,,,,,,,,
0.028,-0.03021,0.0055,0.0042702,0.0355917,119976234,,,,,,,,,,,
-0.01849,0.0241,-0.00848,0.0060708,0.0505903,119998377,,,,,,,,,,,
-0.02675,0.03641,0.03951,0.0041866,0.0349017,119954954,,,,,,,,,,,
0.02618,-0.00676,0.0066,0.0063195,0.052674,119973216,,,,,,,,,,,
0.0219,-0.03868,-0.00103,0.0027584,0.0229903,119983108,,,,,,,,,,,
0.01921,-0.03316,0.03945,0.0034121,0.0284412,119971471,,,,,,,,,,,
-0.10209,0.01867,-0.04742,0.0131642,0.1097217,119978436,,,,,,,,,,,
0.03423,0.04549,-0.02829,0.0116891,0.0974279,119976926,,,,,,,,,,,
0.0258,-0.01035,-0.01055,0.0049342,0.0411261,119976915,,,,,,,,,,,
-0.06515,-0.02288,-0.01649,0.0076683,0.063915,119976968,,,,,,,,,,,
-0.02455,-0.04861,0.00051,0.0042494,0.0354184,119977457,,,,,,,,,,,
-0.04436,0.02418,-0.00638,0.0063133,0.0526226,119973495,,,,,,,,,,,
0.02486,0.03776,-0.00917,0.0058837,0.0490372,119984132,,,,,,,,,,,
0.05917,-0.00185,-0.02412,0.0045422,0.0378615,119969845,,,,,,,,,,,
0.01493,-0.04599,0.0112,0.0059824,0.0498539,119998038,,,,,,,,,,,
-0.01253,0.03934,0.03467,0.0077245,0.0643925,119959845,,,,,,,,,,,
-0.03774,0.07371,0.01048,0.0040849,0.0340472,119977608,,,,,,,,,,,
0.00997,0.0076,0,0.0068509,0.0571019,119977632,,,,,,,,,,,
-0.00667,0.00343,-0.01532,0.0019168,0.0159761,119977532,,,,,,,,,,,
0.01714,-0.03423,0.00161,0.0039728,0.0331141,119971709,,,,,,,,,,,
0.02783,0.00789,-0.01186,0.003792,0.0316041,119983406,,,,,,,,,,,
0.02082,0.04977,-0.00103,0.0036524,0.0304433,119973230,,,,,,,,,,,
0.00029,0.00636,-0.00689,0.0040318,0.0336037,119982246,,,,,,,,,,,
0.04465,0.0101,-0.00755,0.0037111,0.030933,119973690,,,,,,,,,,,
0.01114,-0.01262,0.04104,0.005272,0.0439397,119982050,,,,,,,,,,,
-0.0011,-0.01936,0.01187,0.0026959,0.0224695,119978480,,,,,,,,,,,
0.01026,0.06514,0.00403,0.0071364,0.0594815,119977479,,,,,,,,,,,
-0.04625,0.00541,-0.02485,0.0072636,0.0605414,119978106,,,,,,,,,,,
-0.01164,-0.0124,0.02358,0.0051779,0.0431558,119980487,,,,,,,,,,,
0.00769,0.01529,-0.00183,0.003523,0.0293655,119969736,,,,,,,,,,,
-0.03796,0.03318,-0.01151,0.0041653,0.0347155,119984172,,,,,,,,,,,
-0.03033,0.08063,0.03135,0.0053677,0.0447413,119972355,,,,,,,,,,,
0.00279,-0.03507,0.01173,0.0101632,0.0847079,119979120,,,,,,,,,,,
0.04803,-0.04145,-0.0407,0.0057964,0.0483116,119979013,,,,,,,,,,,
0.05593,-0.07413,-0.01305,0.003628,0.0302375,119984163,,,,,,,,,,,
-0.01495,-0.00742,0.01788,0.0085124,0.0709497,119978597,,,,,,,,,,,
-0.06349,0.04202,-0.01179,0.006282,0.0523578,119982223,,,,,,,,,,,
-0.07139,-0.00903,0.00938,0.0046534,0.0387867,119974348,,,,,,,,,,,
-0.04053,-0.01724,-0.00814,0.0030355,0.0253001,119978965,,,,,,,,,,,
0.00447,-0.01885,0.00396,0.0038863,0.0323931,119973010,,,,,,,,,,,
-0.0675,0.00159,-0.03599,0.0070684,0.0589117,119983622,,,,,,,,,,,
-0.014,0.05027,0.01921,0.0075829,0.0632006,119981934,,,,,,,,,,,
0.05377,-0.03005,-0.01626,0.0092453,0.0770635,119970024,,,,,,,,,,,
0.05233,-0.09449,-0.02279,0.0053994,0.0450006,119984998,,,,,,,,,,,
0.01488,-0.07045,0.01612,0.0049276,0.0410701,119978979,,,,,,,,,,,
-0.07073,0.01435,-0.06486,0.0121005,0.1008547,119979122,,,,,,,,,,,
0.0022,0.00812,0.00682,0.0085385,0.0711661,119979101,,,,,,,,,,,
-0.01766,-0.02867,0.02653,0.0038526,0.0321103,119979677,,,,,,,,,,,
-0.00601,-0.03139,0.00447,0.0020916,0.0174328,119978580,,,,,,,,,,,
0.01568,-0.04024,0.01121,0.0020314,0.016932,119974761,,,,,,,,,,,
-0.00359,0.00438,-0.00337,0.0042286,0.0352433,119984230,,,,,,,,,,,
-0.04344,0.02511,0.01069,0.0039231,0.0327001,119973394,,,,,,,,,,,
0.0107,0.00233,-0.0326,0.0060815,0.0506879,119979204,,,,,,,,,,,
0.06376,-0.0242,0.01466,0.0063216,0.0526868,119985359,,,,,,,,,,,
-0.03569,0.0326,-0.0129,0.0098184,0.0818338,119979655,,,,,,,,,,,
0.00403,0.06279,0.04456,0.0063429,0.0528667,119979600,,,,,,,,,,,
-0.00506,0.0164,0.0384,0.0039736,0.0331189,119979508,,,,,,,,,,,
0.01443,-0.0069,-0.00498,0.0044145,0.0367945,119977632,,,,,,,,,,,
0.00249,-0.02953,-0.0487,0.0042218,0.035186,119986310,,,,,,,,,,,
0.01216,0.02811,-0.01033,0.0058281,0.0485792,119971655,,,,,,,,,,,
-0.02008,-0.00398,0.02624,0.0048645,0.0405431,119983377,,,,,,,,,,,
0.00154,0.01346,-0.01201,0.00394,0.0328404,119974905,,,,,,,,,,,
0.01187,-0.00903,-0.00198,0.002226,0.0185524,119984968,,,,,,,,,,,
0.0387,-0.03373,0.01715,0.0034319,0.0286039,119979682,,,,,,,,,,,
0.00352,0.01713,-0.02558,0.0062652,0.0522183,119980482,,,,,,,,,,,
-0.03518,0.0378,-0.01275,0.0038097,0.0317531,119979765,,,,,,,,,,,
0.03811,-0.00515,0.01129,0.0073584,0.06133,119980186,,,,,,,,,,,
0.03304,-0.01811,-0.00498,0.0017846,0.0148747,119977876,,,,,,,,,,,
-0.04105,-0.02069,0.00029,0.006194,0.0516239,119982997,,,,,,,,,,,
-0.01458,-0.02178,0.043,0.0041889,0.0349146,119976282,,,,,,,,,,,
-0.04468,0.0361,0.00513,0.006287,0.0524003,119980030,,,,,,,,,,,
0.00681,0.03346,0.01304,0.0043481,0.0362403,119979405,,,,,,,,,,,
0.0011,0.01054,-0.03408,0.0043932,0.0366145,119985054,,,,,,,,,,,
0.02221,-0.04898,-0.0044,0.0058155,0.0484701,119980320,,,,,,,,,,,
-0.03291,0.01896,0.00858,0.0073714,0.0614384,119980694,,,,,,,,,,,
-0.07696,0.01677,0.0527,0.0051994,0.0433358,119980470,,,,,,,,,,,
0.05409,0.10259,0.06853,0.0131228,0.1093749,119980344,,,,,,,,,,,
0.10571,0.14679,-0.05135,0.0114857,0.095731,119979070,,,,,,,,,,,
0.32467,0.03707,-0.27923,0.0278812,0.2323764,119982877,,,,,,,,,,,
0.13215,0.63167,-0.42826,0.0535532,0.4463616,119977137,,,,,,,,,,,
0.67315,0.00635,-0.00908,0.0772661,0.6439903,119980195,,,,,,,,,,,
-0.11426,0.25453,0.16454,0.0703139,0.586025,119984402,,,,,,,,,,,
-0.54852,0.0677,0.15772,0.039405,0.328427,119980891,,,,,,,,,,,
-0.38723,0.04121,0.1126,0.0141318,0.1177758,119989394,,,,,,,,,,,
0.13991,-0.05814,0.06508,0.0448871,0.3741463,119972164,,,,,,,,,,,
0.03287,0.04779,0.02328,0.0130261,0.1085681,119981064,,,,,,,,,,,
-0.07044,-0.05169,0.05277,0.0122033,0.1017093,119981649,,,,,,,,,,,
-0.00176,-0.09136,0.08101,0.0070169,0.0584839,119980445,,,,,,,,,,,
0.04061,-0.0824,-0.04412,0.0110364,0.0919845,119981478,,,,,,,,,,,
-0.00513,-0.06719,-0.04498,0.0040177,0.0334868,119978619,,,,,,,,,,,
-0.10634,0.0065,-0.04353,0.0104357,0.0869762,119983724,,,,,,,,,,,
-0.12694,0.0183,-0.00388,0.0038515,0.032101,119981190,,,,,,,,,,,
-0.20625,0.01068,0.02118,0.0069621,0.0580269,119981374,,,,,,,,,,,
-0.07505,-0.01006,-0.03833,0.0121315,0.1011124,119980760,,,,,,,,,,,
0.01524,-0.0511,0.00872,0.00915,0.0762623,119981203,,,,,,,,,,,
-0.03606,0.06338,0.01876,0.0104894,0.0874253,119981547,,,,,,,,,,,
0.02184,-0.00977,0.08172,0.0093803,0.0781808,119981563,,,,,,,,,,,
0.03195,-0.06267,0.06544,0.00469,0.0390895,119980834,,,,,,,,,,,
0.05592,-0.06891,-0.04258,0.0092365,0.0769822,119982744,,,,,,,,,,,
0.09734,0.10136,-0.12219,0.0160417,0.1337016,119981329,,,,,,,,,,,
-0.03914,0.01317,-0.05196,0.0147539,0.1229687,119981043,,,,,,,,,,,
-0.2003,-0.05997,0.0033,0.0154531,0.128795,119982062,,,,,,,,,,,
-0.16468,-0.05733,0.00967,0.0030238,0.0252018,119982025,,,,,,,,,,,
-0.04016,-0.08863,0.01554,0.0107121,0.0892815,119980976,,,,,,,,,,,
0.00938,0.02087,0.0137,0.010018,0.0834956,119982174,,,,,,,,,,,
0.0601,0.03362,0.0151,0.0043604,0.0363417,119982274,,,,,,,,,,,
0.04427,-0.0275,0.10481,0.0091436,0.0762083,119981186,,,,,,,,,,,
-0.00352,-0.00588,0.05292,0.0061495,0.0512535,119982064,,,,,,,,,,,
-0.04288,0.03927,-0.03042,0.0085535,0.0712899,119981474,,,,,,,,,,,
-0.01708,0.03421,-0.00572,0.0030065,0.0250575,119982282,,,,,,,,,,,
-0.08385,0.02783,-0.07989,0.0083353,0.0694715,119982056,,,,,,,,,,,
-0.09521,-0.05606,-0.06668,0.0071411,0.0595165,119985613,,,,,,,,,,,
-0.01568,-0.12219,-0.03247,0.0090799,0.0756796,119978585,,,,,,,,,,,
0.01224,-0.03021,-0.03313,0.0080115,0.0667729,119981519,,,,,,,,,,,
0.03049,0.01911,-0.07241,0.0054712,0.0455999,119982113,,,,,,,,,,,
0.01349,-0.09112,0.02382,0.0122773,0.1023259,119982742,,,,,,,,,,,
-0.06288,-0.06041,0.03613,0.0069364,0.0578123,119982195,,,,,,,,,,,
-0.04119,-0.08863,-0.05167,0.0078965,0.0658139,119982170,,,,,,,,,,,
-0.01004,0.07321,-0.05087,0.013736,0.1144828,119983000,,,,,,,,,,,
-0.03987,0.07929,0.02023,0.0064461,0.0537256,119982305,,,,,,,,,,,
-0.11295,0.05298,-0.02096,0.0073275,0.0610719,119981945,,,,,,,,,,,
-0.04009,-0.05418,-0.01862,0.0108017,0.0900276,119982305,,,,,,,,,,,
0.0041,-0.03703,-0.00843,0.0040413,0.0336826,119982793,,,,,,,,,,,
0.11082,0.09512,0.06076,0.0152866,0.1274075,119982171,,,,,,,,,,,
0.16491,0.05656,0.04192,0.0057542,0.0479583,119982659,,,,,,,,,,,
0.17341,-0.01065,0.07234,0.0061891,0.0515837,119982411,,,,,,,,,,,
0.07935,0.05266,0.03971,0.0098331,0.0819537,119984077,,,,,,,,,,,
0.01752,0.06969,-0.05732,0.0096936,0.0807921,119981663,,,,,,,,,,,
0.07659,0.0326,-0.0417,0.0059571,0.04965,119982576,,,,,,,,,,,
-0.13875,-0.02516,-0.03152,0.0186012,0.1550316,119983255,,,,,,,,,,,
-0.16896,-0.00024,-0.03102,0.003264,0.0272036,119982925,,,,,,,,,,,
-0.05988,-0.0964,-0.07681,0.0127064,0.1059023,119981874,,,,,,,,,,,
-0.0645,0.10955,-0.0494,0.017321,0.1443625,119982794,,,,,,,,,,,
-0.20553,-0.01388,-0.16086,0.0181732,0.15146,119986818,,,,,,,,,,,
-0.25574,-0.03766,-0.11908,0.0057937,0.0482865,119984910,,,,,,,,,,,
-0.33788,0.11776,-0.11786,0.0146527,0.1221286,119977273,,,,,,,,,,,
-0.39256,0.04029,-0.14212,0.0081577,0.0679896,119983884,,,,,,,,,,,
-0.44789,0.23774,-0.25198,0.019389,0.1615985,119982257,,,,,,,,,,,
-0.27331,0.01245,-0.24691,0.0237589,0.1980202,119982343,,,,,,,,,,,
-0.21913,0.08228,-0.2579,0.0074234,0.0618699,119983889,,,,,,,,,,,
-0.1303,-0.01996,-0.10933,0.016756,0.1396537,119982790,,,,,,,,,,,
-0.17334,-0.00376,-0.03761,0.0071003,0.0591769,119984274,,,,,,,,,,,
-0.07483,-0.03637,-0.01165,0.0089149,0.0743012,119982806,,,,,,,,,,,
-0.00557,-0.08526,0.00623,0.0072212,0.0601851,119982865,,,,,,,,,,,
-0.01143,-0.07177,0.00535,0.0012278,0.0102334,119983336,,,,,,,,,,,
0.06069,-0.02912,0.04361,0.0076772,0.0639853,119983327,,,,,,,,,,,
0.07356,0.05917,0.01533,0.0078006,0.0650147,119981612,,,,,,,,,,,
0.09667,-0.03102,0.03994,0.0080262,0.0668936,119985160,,,,,,,,,,,
0.1438,0.04794,0.102,0.009246,0.0770618,119981682,,,,,,,,,,,
0.24576,0.15771,0.1567,0.0132924,0.110784,119985227,,,,,,,,,,,
0.15311,0.15199,0.1809,0.0079946,0.0666314,119982965,,,,,,,,,,,
0.17291,0.12442,0.41381,0.0196159,0.1634867,119984718,,,,,,,,,,,
0.21256,0.14811,0.42086,0.0038937,0.0324523,119983270,,,,,,,,,,,
0.36382,0.0592,0.25579,0.0200783,0.1673428,119983189,,,,,,,,,,,
0.32866,0.0315,0.10269,0.0132947,0.1108044,119983558,,,,,,,,,,,
0.24071,-0.10271,0.22759,0.0169473,0.1412462,119984150,,,,,,,,,,,
0.05676,-0.05216,0.21046,0.0159645,0.1330595,119980059,,,,,,,,,,,
0.01972,0.0123,0.17664,0.0068067,0.0567286,119986887,,,,,,,,,,,
0.01951,-0.00992,0.09372,0.0071547,0.0596313,119982022,,,,,,,,,,,
0.05197,0.05839,0.2103,0.0115807,0.0965097,119995371,,,,,,,,,,,
-0.07472,-0.15445,0.0822,0.0232432,0.1937363,119973193,,,,,,,,,,,
-0.08391,-0.13586,0.02465,0.0050985,0.0424894,119994560,,,,,,,,,,,
0.00667,-0.1167,0.02441,0.007717,0.0643224,119974441,,,,,,,,,,,
0.00594,-0.02839,-0.07667,0.011187,0.0932367,119985068,,,,,,,,,,,
-0.0571,0.08229,-0.10466,0.0108686,0.0905844,119983286,,,,,,,,,,,
-0.02529,-0.10197,-0.02697,0.016876,0.1406526,119983316,,,,,,,,,,,
-0.12832,-0.1658,-0.12296,0.0128861,0.1074018,119980718,,,,,,,,,,,
-0.08502,-0.01453,-0.09337,0.0133435,0.1112072,119988038,,,,,,,,,,,
0.03671,0.04424,-0.05467,0.0117189,0.0976703,119984421,,,,,,,,,,,
0.15377,0.21242,0.10508,0.0216549,0.1804859,119980931,,,,,,,,,,,
0.16368,0.08002,0.04794,0.0120463,0.100397,119986810,,,,,,,,,,,
0.26637,0.0713,0.13729,0.0113681,0.0947467,119984362,,,,,,,,,,,
0.14879,0.12605,0.16726,0.0110946,0.0924672,119983838,,,,,,,,,,,
0.12115,-0.0289,0.09286,0.014509,0.1209246,119984103,,,,,,,,,,,
0.17172,0.02928,0.09516,0.0064275,0.0535721,119978468,,,,,,,,,,,
0.13787,0.02637,0.10012,0.0028614,0.0238472,119990003,,,,,,,,,,,
0.06211,0.00746,0.10325,0.0065131,0.0542852,119979899,,,,,,,,,,,
0.12351,0.03707,0.16008,0.0073965,0.061643,119989266,,,,,,,,,,,
0.09328,0.14834,0.16244,0.0096117,0.0801104,119981062,,,,,,,,,,,
-0.031,-0.08416,0.07,0.0232831,0.1940457,119987548,,,,,,,,,,,
-0.00491,0.02576,0.0416,0.0097085,0.0809121,119988723,,,,,,,,,,,
0.07242,0.02527,-0.04266,0.0095318,0.0794449,119980611,,,,,,,,,,,
0.11324,0.10721,-0.0431,0.0076303,0.0635941,119984093,,,,,,,,,,,
0.12181,0.07745,0.07117,0.009867,0.0822355,119984404,,,,,,,,,,,
-0.02916,-0.03394,0.12088,0.0161769,0.1348322,119978339,,,,,,,,,,,
-0.00352,-0.00185,0.10584,0.0036451,0.0303782,119991121,,,,,,,,,,,
0.044,-0.00046,0.04576,0.0063853,0.0532196,119979546,,,,,,,,,,,
-0.00381,0.01977,0.01869,0.0048794,0.0406648,119992005,,,,,,,,,,,
-0.03899,-0.00324,-0.07777,0.0087691,0.0730861,119983168,,,,,,,,,,,
0.13091,0.0941,-0.04713,0.0165186,0.1376726,119984793,,,,,,,,,,,
0.08378,0.05547,0.04537,0.0092325,0.0769474,119984119,,,,,,,,,,,
-0.03533,-0.05118,0.04405,0.013325,0.1110549,119985540,,,,,,,,,,,
-0.02652,-0.02866,0.08828,0.0042011,0.0350151,119980300,,,,,,,,,,,
-0.04841,-0.04579,0.10158,0.0025679,0.0214006,119990325,,,,,,,,,,,
-0.03861,-0.03101,0.06681,0.0032532,0.0271147,119977432,,,,,,,,,,,
0.00847,0.00389,0.03594,0.0055168,0.0459526,120054939,,,,,,,,,,,
0.03905,-0.01079,0.02513,0.0029685,0.0247553,119914708,,,,,,,,,,,
-0.01964,-0.03388,0.00938,0.0054173,0.0451473,119991654,,,,,,,,,,,
-0.06897,-0.02743,0.03357,0.0046103,0.0384239,119984238,,,,,,,,,,,
-0.07322,0.19077,0.09037,0.0187947,0.1566422,119985031,,,,,,,,,,,
-0.05321,0.02234,-0.13083,0.0232318,0.193623,119984916,,,,,,,,,,,
-0.07197,0.01831,-0.29633,0.0138854,0.1157254,119985329,,,,,,,,,,,
-0.08117,0.04702,-0.31422,0.0029219,0.0243531,119980874,,,,,,,,,,,
-0.1542,0.00475,-0.34102,0.0073787,0.0614943,119989761,,,,,,,,,,,
-0.16213,0.18548,-0.34265,0.0150789,0.125679,119979665,,,,,,,,,,,
-0.06572,-0.09893,-0.40464,0.0255561,0.2129936,119985251,,,,,,,,,,,
-0.12137,-0.10563,-0.3466,0.0067248,0.0560444,119990488,,,,,,,,,,,
-0.16433,-0.02494,-0.20113,0.0143194,0.1193431,119985228,,,,,,,,,,,
-0.13358,-0.03524,-0.1461,0.0053228,0.044359,119993660,,,,,,,,,,,
0.02521,0.22961,-0.08363,0.0262607,0.2188817,119976830,,,,,,,,,,,
0.04527,0.05463,-0.10117,0.014752,0.1229505,119983410,,,,,,,,,,,
0.02983,-0.16427,0.13648,0.0269585,0.2246782,119987289,,,,,,,,,,,
-0.07568,-0.07892,0.07465,0.0124293,0.1035928,119981943,,,,,,,,,,,
0.0176,0.12394,-0.04375,0.0210555,0.1754189,120029842,,,,,,,,,,,
0.10124,0.06189,-0.05143,0.0087069,0.0725935,119940067,,,,,,,,,,,
-0.04559,-0.06716,-0.00315,0.0167809,0.1398522,119990050,,,,,,,,,,,
-0.2404,-0.14514,0.11272,0.0199778,0.1665019,119985188,,,,,,,,,,,
-0.16762,-0.02941,0.10701,0.0114036,0.0950414,119985585,,,,,,,,,,,
0.04617,0.10669,0.13727,0.0212727,0.1772938,119985640,,,,,,,,,,,
0.14322,0.00467,0.0461,0.0139803,0.1165167,119985578,,,,,,,,,,,
0.09575,-0.13298,0.13927,0.0144074,0.1200778,119983774,,,,,,,,,,,
0.05548,-0.06371,0.11528,0.006971,0.0580973,119988594,,,,,,,,,,,
-0.03428,0.02218,-0.09509,0.0203626,0.1697132,119982164,,,,,,,,,,,
0.01509,0.07023,-0.07201,0.0060558,0.0504713,119985013,,,,,,,,,,,
0.01283,-0.02289,-0.05548,0.007884,0.0657064,119988978,,,,,,,,,,,
-0.08927,-0.09897,-0.05893,0.010616,0.0884768,119985747,,,,,,,,,,,
-0.00337,-0.17189,-0.0848,0.0096355,0.0803049,119985863,,,,,,,,,,,
0.16514,-0.02017,-0.06729,0.0189537,0.1579663,119985957,,,,,,,,,,,
0.13662,0.01684,0.1139,0.0155948,0.1299723,119985788,,,,,,,,,,,
-0.12749,-0.04674,0.29085,0.0270181,0.2251594,119995291,,,,,,,,,,,
-0.14696,-0.1102,0.1389,0.0138205,0.1151945,119975266,,,,,,,,,,,
0.13772,0.0581,-0.04698,0.0316174,0.2635056,119987396,,,,,,,,,,,
0.27919,0.11756,-0.04205,0.0127964,0.1066513,119983198,,,,,,,,,,,
-0.03313,0.01413,-0.08949,0.0277028,0.2308795,119988326,,,,,,,,,,,
-0.15504,-0.09825,-0.03306,0.0145971,0.1216554,119987199,,,,,,,,,,,
0.02412,0.00914,-0.01231,0.0174946,0.1458057,119985421,,,,,,,,,,,
0.05955,-0.1016,0.01201,0.0099005,0.0825115,119988792,,,,,,,,,,,
0.0796,-0.00464,0.09235,0.0106274,0.0885742,119983118,,,,,,,,,,,
-0.01004,0.06953,0.14298,0.0105749,0.0881344,119985789,,,,,,,,,,,
0.01371,0.04734,0.11311,0.0036795,0.0306654,119987546,,,,,,,,,,,
0.03093,0.06478,0.03254,0.0070185,0.0584944,119985102,,,,,,,,,,,
0.00967,0.08965,-0.02176,0.0052841,0.0440397,119984631,,,,,,,,,,,
-0.05475,0.04799,-0.06663,0.0074072,0.0617329,119987467,,,,,,,,,,,
-0.13224,-0.07706,-0.02368,0.0127724,0.1064486,119986709,,,,,,,,,,,
-0.07029,-0.002,0.02001,0.0088909,0.0740996,119985830,,,,,,,,,,,
-0.0678,-0.05763,0.04918,0.0052394,0.043667,119986038,,,,,,,,,,,
-0.06362,-0.02516,0.20266,0.0130791,0.1090046,119986413,,,,,,,,,,,
-0.00242,-0.03505,0.1622,0.0061697,0.0514203,119986479,,,,,,,,,,,
-0.03144,-0.06943,0.15187,0.0038473,0.0320647,119986547,,,,,,,,,,,
-0.08406,-0.02054,0.05445,0.0100873,0.0840705,119986378,,,,,,,,,,,
-0.08802,0.02307,0.03452,0.0040097,0.0334184,119986023,,,,,,,,,,,
-0.05658,-0.02706,-0.00916,0.0061299,0.0510885,119986459,,,,,,,,,,,
-0.02917,-0.05455,0.01217,0.0036915,0.0307658,119986445,,,,,,,,,,,
0.14833,0.02959,-0.00579,0.016439,0.1370051,119988442,,,,,,,,,,,
0.08275,0.02131,-0.00198,0.0055178,0.0459877,119984830,,,,,,,,,,,
-0.01349,-0.01468,-0.0041,0.008565,0.0713826,119986711,,,,,,,,,,,
-0.04566,0.04198,0.07373,0.0084601,0.0705087,119986328,,,,,,,,,,,
-0.0922,0.0013,0.09829,0.005543,0.0461967,119986882,,,,,,,,,,,
0.11404,-0.01372,0.05321,0.0176391,0.1470091,119986686,,,,,,,,,,,
0.03672,0.01875,-0.05871,0.0116558,0.0971422,119986486,,,,,,,,,,,
0.02836,0.06294,0.03379,0.0085722,0.071443,119986753,,,,,,,,,,,
-0.01363,0.06689,-0.03078,0.006428,0.0535723,119986710,,,,,,,,,,,
0.02081,-0.00742,-0.08091,0.0080034,0.0667027,119986779,,,,,,,,,,,
0.06736,-0.0061,-0.01525,0.006709,0.0559144,119986888,,,,,,,,,,,
-0.05556,-0.05697,-0.02236,0.0111031,0.092536,119986324,,,,,,,,,,,
0.07747,0.00724,0.02074,0.0128243,0.1068802,119987973,,,,,,,,,,,
-0.03598,0.04791,0.01825,0.0100469,0.0837333,119987271,,,,,,,,,,,
-0.02616,0.01068,0.03107,0.003382,0.0281866,119986583,,,,,,,,,,,
-0.03658,0.07526,0.01297,0.0056564,0.0471424,119986149,,,,,,,,,,,
-0.07263,0.06462,-0.01928,0.0041279,0.0344028,119987085,,,,,,,,,,,
0.04969,0.03238,-0.03621,0.0106371,0.0886526,119986662,,,,,,,,,,,
0.07681,0.00856,-0.11918,0.0075411,0.0628494,119986824,,,,,,,,,,,
0.10283,0.02981,-0.07381,0.0047052,0.039214,119986768,,,,,,,,,,,
0.07818,0.04006,-0.01634,0.0052809,0.0440124,119987472,,,,,,,,,,,
0.10782,0.07218,-0.00418,0.003781,0.0315116,119986667,,,,,,,,,,,
0.04742,0.01559,0.03488,0.0076279,0.0635716,119988334,,,,,,,,,,,
-0.00755,0.06493,0.09288,0.0078264,0.0652272,119986590,,,,,,,,,,,
0.06172,0.11242,0.02309,0.0091007,0.0758475,119986899,,,,,,,,,,,
-0.11309,-0.02032,-0.01019,0.0185027,0.1542064,119986723,,,,,,,,,,,
-0.08349,0.08193,0.02294,0.0092915,0.0774372,119987559,,,,,,,,,,,
-0.05035,0.01259,-0.04515,0.0085572,0.0713176,119987225,,,,,,,,,,,
-0.10738,-0.03183,-0.01305,0.0065919,0.054938,119987742,,,,,,,,,,,
-0.05007,-0.07677,0.04281,0.0076495,0.0637521,119987488,,,,,,,,,,,
0.08125,-0.06858,0.08616,0.0115454,0.096223,119986061,,,,,,,,,,,
0.07315,-0.01871,0.09507,0.0042758,0.0356356,119987873,,,,,,,,,,,
-0.00601,-0.01321,0.09469,0.0066134,0.055117,119987612,,,,,,,,,,,
-0.03144,0.01633,0.12658,0.0041972,0.0349804,119986603,,,,,,,,,,,
-0.04501,0.01068,0.01503,0.0093775,0.0781534,119987815,,,,,,,,,,,
0.00638,0.00592,0.00806,0.0043398,0.0361688,119987138,,,,,,,,,,,
0.01547,-0.05367,-0.01473,0.0053709,0.0447625,119987516,,,,,,,,,,,
-0.02815,-0.14039,-0.07535,0.0095377,0.0794886,119988101,,,,,,,,,,,
