//radianX,radianY,radianZ
0,0,0
-0.001,0.001,0.005
0,0.007,-0.009
0.019,0.004,-0.02
0.023,0.013,-0.027
0.015,0.018,-0.028
0.03,0.006,-0.027
0.038,0.002,-0.035
0.033,0.004,-0.031
0.031,0.016,-0.023
0.033,0.025,-0.022
0.035,0.018,-0.033
0.056,0.006,-0.039
0.05,0.006,-0.037
0.034,0.021,-0.042
0.03,0.035,-0.04
0.033,0.042,-0.025
0.025,0.04,-0.024
0.024,0.022,-0.021
0.018,0.026,-0.008
0.017,0.046,-0.01
0.02,0.044,-0.022
0.036,0.036,-0.014
0.033,0.056,-0.008
0.035,0.081,-0.009
0.047,0.088,0.002
0.037,0.089,0.007
0.039,0.067,0.003
0.036,0.036,-0.01
0.015,0.06,0.017
0.01,0.073,0.011
0.044,0.062,-0.003
0.061,0.059,-0.003
0.026,0.084,0.004
0.02,0.091,0.013
0.049,0.079,0.019
0.05,0.069,0.014
0.044,0.059,0.019
0.012,0.057,0.019
-0.005,0.079,0.025
0.026,0.074,0.023
0.035,0.064,0.016
0.039,0.048,0.025
0.029,0.061,0.015
0.025,0.082,0.003
0.039,0.091,0.008
0.049,0.084,0.002
0.054,0.069,0.011
0.033,0.072,0.015
0.036,0.087,0.03
0.052,0.079,0.033
0.068,0.062,0.039
0.04,0.058,0.05
0.024,0.078,0.026
0.047,0.086,0.015
0.031,0.069,0.01
0.011,0.055,0.017
0.001,0.058,0.023
-0.006,0.084,0.019
0.019,0.085,0.009
0.037,0.069,0.008
0.039,0.058,0.024
0.015,0.085,0.031
0.014,0.11,0.039
0.014,0.108,0.033
0.016,0.094,0.025
0.029,0.074,0.021
0.028,0.073,-0.007
0.034,0.09,-0.001
0.045,0.086,-0.009
0.058,0.077,-0.001
0.056,0.07,0.009
0.058,0.055,0.014
0.044,0.077,0
0.025,0.061,0.004
0.026,0.065,0.003
0.027,0.077,0.01
0.009,0.103,0.015
0,0.116,0.027
0.013,0.097,0.019
0.045,0.066,0.009
0.054,0.066,0.006
0.034,0.096,0.009
0.002,0.099,0.011
-0.026,0.101,0.015
-0.03,0.096,0.017
-0.039,0.112,0.023
-0.059,0.144,0.021
-0.048,0.144,0.024
-0.016,0.115,0.015
0.002,0.081,0.016
-0.02,0.073,0.004
-0.031,0.094,-0.006
-0.034,0.096,0
-0.041,0.08,0.008
-0.04,0.072,0.01
-0.037,0.065,0.001
-0.048,0.079,0.011
-0.063,0.087,-0.001
-0.037,0.07,-0.008
-0.035,0.062,-0.017
-0.05,0.077,-0.01
-0.046,0.09,0.017
-0.048,0.087,0.024
-0.04,0.071,0.012
-0.034,0.064,-0.004
-0.048,0.062,-0.008
-0.046,0.069,0.004
-0.052,0.076,-0.009
-0.035,0.058,-0.002
-0.025,0.042,-0.006
-0.038,0.053,-0.006
-0.034,0.071,-0.008
-0.015,0.066,-0.005
-0.025,0.062,-0.009
-0.038,0.046,0.004
-0.057,0.053,0.008
-0.068,0.072,0.01
-0.068,0.075,0.005
-0.06,0.063,-0.002
-0.058,0.057,0.003
-0.092,0.079,0.015
-0.105,0.119,0.034
-0.061,0.169,0.064
0.045,0.206,-0.011
0.177,0.481,-0.188
0.389,0.658,-0.384
0.582,0.685,-0.282
0.347,0.75,-0.224
0.102,0.786,-0.153
0.057,0.772,-0.098
0.116,0.782,-0.097
0.088,0.79,-0.086
0.075,0.738,-0.036
0.086,0.689,-0.029
0.095,0.651,-0.069
0.059,0.651,-0.093
-0.001,0.664,-0.108
-0.085,0.669,-0.096
-0.165,0.656,-0.102
-0.162,0.632,-0.12
-0.178,0.639,-0.106
-0.175,0.647,-0.085
-0.165,0.632,-0.04
-0.143,0.597,-0.038
-0.11,0.618,-0.082
-0.076,0.617,-0.119
-0.148,0.602,-0.13
-0.248,0.582,-0.129
-0.293,0.54,-0.121
-0.294,0.531,-0.103
-0.277,0.561,-0.107
-0.248,0.546,-0.075
-0.236,0.541,-0.031
-0.252,0.541,-0.034
-0.268,0.601,-0.046
-0.3,0.63,-0.075
-0.34,0.606,-0.107
-0.372,0.557,-0.134
-0.364,0.506,-0.141
-0.352,0.489,-0.171
-0.34,0.49,-0.187
-0.356,0.44,-0.172
-0.38,0.403,-0.17
-0.398,0.399,-0.208
-0.401,0.418,-0.209
-0.449,0.463,-0.205
-0.487,0.474,-0.218
-0.496,0.446,-0.225
-0.47,0.482,-0.205
-0.396,0.528,-0.183
-0.314,0.529,-0.158
-0.25,0.549,-0.123
-0.229,0.559,-0.133
-0.209,0.613,-0.169
-0.219,0.61,-0.186
-0.305,0.597,-0.197
-0.358,0.574,-0.217
-0.387,0.555,-0.261
-0.453,0.591,-0.3
-0.57,0.563,-0.38
-0.721,0.604,-0.436
-0.9,0.64,-0.498
-1.122,0.678,-0.606
-1.286,0.695,-0.726
-1.415,0.746,-0.855
-1.489,0.755,-0.94
-1.574,0.743,-0.98
-1.64,0.744,-0.992
-1.655,0.708,-0.994
-1.656,0.665,-0.987
-1.646,0.638,-0.974
-1.609,0.649,-0.957
-1.565,0.647,-0.944
-1.51,0.656,-0.907
-1.4,0.709,-0.835
-1.309,0.805,-0.765
-1.224,0.871,-0.607
-1.133,0.939,-0.391
-0.991,0.995,-0.222
-0.794,0.996,-0.135
-0.658,0.956,-0.063
-0.587,0.927,0.055
-0.568,0.909,0.156
-0.564,0.92,0.219
-0.541,0.914,0.292
-0.544,0.882,0.369
-0.593,0.816,0.389
-0.614,0.757,0.405
-0.607,0.734,0.392
-0.618,0.734,0.344
-0.633,0.75,0.316
-0.685,0.708,0.277
-0.74,0.649,0.223
-0.754,0.654,0.188
-0.688,0.694,0.203
-0.616,0.739,0.237
-0.498,0.783,0.278
-0.393,0.837,0.367
-0.325,0.846,0.431
-0.257,0.878,0.478
-0.173,0.876,0.529
-0.125,0.862,0.581
-0.08,0.882,0.648
-0.024,0.949,0.731
-0.005,0.907,0.782
-0.022,0.895,0.811
-0.002,0.915,0.805
0.043,0.943,0.786
0.117,0.998,0.798
0.134,0.992,0.845
0.119,0.987,0.905
0.134,0.989,0.943
0.152,0.984,0.958
0.136,0.984,0.949
0.155,1.01,0.899
0.219,1.053,0.9
0.222,1.048,0.928
0.209,1.025,0.958
0.186,1.029,1.013
0.16,1.002,1.055
0.157,0.999,1.085
0.174,0.999,1.098
0.181,0.991,1.109
0.155,0.972,1.118
0.123,1.016,1.162
0.095,1.052,1.147
0.061,1.068,1.034
0.03,1.082,0.881
-0.036,1.104,0.717
-0.116,1.143,0.549
-0.172,1.165,0.355
-0.215,1.127,0.16
-0.29,1.083,0.024
-0.365,1.062,-0.056
-0.391,1.089,-0.113
-0.365,1.137,-0.162
-0.337,1.112,-0.145
-0.352,1.04,-0.076
-0.371,1.058,-0.083
-0.359,1.151,-0.114
-0.322,1.147,-0.113
-0.404,1.057,-0.084
-0.516,1.017,-0.023
-0.535,1.022,0.044
-0.479,1.048,0.085
-0.412,1.006,0.124
-0.375,0.956,0.194
-0.372,0.927,0.198
-0.372,0.94,0.161
-0.353,0.938,0.136
-0.37,0.903,0.111
-0.412,0.857,0.072
-0.364,0.801,0.035
-0.263,0.809,0.049
-0.278,0.814,0.143
-0.36,0.784,0.269
-0.374,0.75,0.287
-0.26,0.8,0.283
-0.194,0.809,0.235
-0.245,0.784,0.213
-0.275,0.757,0.195
-0.256,0.75,0.186
-0.213,0.755,0.218
-0.219,0.769,0.279
-0.213,0.782,0.343
-0.195,0.805,0.377
-0.194,0.82,0.367
-0.186,0.857,0.347
-0.242,0.844,0.323
-0.299,0.825,0.322
-0.326,0.818,0.335
-0.362,0.79,0.402
-0.375,0.779,0.487
-0.379,0.74,0.571
-0.407,0.714,0.628
-0.447,0.714,0.652
-0.469,0.722,0.654
-0.513,0.711,0.652
-0.476,0.702,0.639
-0.398,0.717,0.647
-0.397,0.711,0.643
-0.395,0.708,0.663
-0.445,0.716,0.711
-0.432,0.706,0.756
-0.403,0.715,0.745
-0.393,0.733,0.73
-0.397,0.763,0.727
-0.388,0.763,0.7
-0.362,0.772,0.684
-0.358,0.756,0.677
-0.348,0.767,0.682
-0.346,0.78,0.691
-0.355,0.785,0.701
-0.37,0.815,0.712
-0.414,0.846,0.707
-0.406,0.876,0.711
-0.378,0.892,0.662
-0.334,0.9,0.608
-0.282,0.911,0.599
-0.249,0.907,0.585
-0.186,0.923,0.605
-0.197,0.947,0.639
-0.18,0.998,0.669
-0.181,1.012,0.673
-0.247,1.012,0.67
-0.262,1.031,0.665
-0.306,1.031,0.649
-0.352,1.017,0.66
-0.345,0.996,0.694
-0.309,0.985,0.723
-0.302,0.975,0.757
-0.309,0.965,0.818
-0.331,0.984,0.862
-0.339,0.999,0.865
-0.333,1.021,0.864
-0.347,0.979,0.838
